JAN.	1	2012	10.38252687
JAN.	2	2012	10.93593717
JAN.	3	2012	11.15200806
JAN.	4	2012	11.0822072
JAN.	5	2012	14.17410302
JAN.	6	2012	10.89604715
JAN.	7	2012	10.44452953
JAN.	8	2012	10.22494912
JAN.	9	2012	10.53558874
JAN.	10	2012	10.68950987
JAN.	11	2012	11.24276533
JAN.	12	2012	10.95156369
JAN.	13	2012	10.90913264
JAN.	14	2012	10.84319014
JAN.	15	2012	11.06086624
JAN.	16	2012	16.89723504
JAN.	17	2012	21.95263195
JAN.	18	2012	17.55655717
JAN.	19	2012	16.10639527
JAN.	20	2012	14.86143667
JAN.	21	2012	14.35094113
JAN.	22	2012	19.12633497
JAN.	23	2012	20.72446795
JAN.	24	2012	17.63106943
JAN.	25	2012	17.88032983
JAN.	26	2012	26.13958812
JAN.	27	2012	21.83968631
JAN.	28	2012	18.91293323
JAN.	29	2012	17.35235595
JAN.	30	2012	16.86253323
JAN.	31	2012	16.25871791
FEB.	1	2012	15.64094162
FEB.	2	2012	15.19017481
FEB.	3	2012	15.49011087
FEB.	4	2012	16.97542667
FEB.	5	2012	16.05043964
FEB.	6	2012	15.95274618
FEB.	7	2012	15.47313413
FEB.	8	2012	15.24128218
FEB.	9	2012	15.09123129
FEB.	10	2012	14.91093431
FEB.	11	2012	14.00511631
FEB.	12	2012	13.85491506
FEB.	13	2012	14.27192354
FEB.	14	2012	14.31417227
FEB.	15	2012	14.68380667
FEB.	16	2012	15.20114495
FEB.	17	2012	14.92616135
FEB.	18	2012	14.40444539
FEB.	19	2012	13.78519624
FEB.	20	2012	14.40611086
FEB.	21	2012	14.4415767
FEB.	22	2012	13.89978142
FEB.	23	2012	13.23716505
FEB.	24	2012	13.46127351
FEB.	25	2012	12.57312576
FEB.	26	2012	12.22935227
FEB.	27	2012	13.25493173
FEB.	28	2012	13.83776726
FEB.	29	2012	13.68301199
MARCH	1	2012	13.8589042
MARCH	2	2012	16.12370039
MARCH	3	2012	14.53194073
MARCH	4	2012	13.85163459
MARCH	5	2012	13.99755512
MARCH	6	2012	14.15481816
MARCH	7	2012	13.82574566
MARCH	8	2012	14.03155887
MARCH	9	2012	13.69817444
MARCH	10	2012	12.96862528
MARCH	11	2012	13.25315809
MARCH	12	2012	13.8298398
MARCH	13	2012	13.49974392
MARCH	14	2012	13.87861534
MARCH	15	2012	13.69188143
MARCH	16	2012	13.00768366
MARCH	17	2012	12.35652714
MARCH	18	2012	11.19263133
MARCH	19	2012	11.77535797
MARCH	20	2012	11.65786893
MARCH	21	2012	11.63762219
MARCH	22	2012	11.94500568
MARCH	23	2012	13.78713121
MARCH	24	2012	12.5368842
MARCH	25	2012	12.60139401
MARCH	26	2012	13.19368347
MARCH	27	2012	13.35831587
MARCH	28	2012	13.15264588
MARCH	29	2012	13.50128359
MARCH	30	2012	13.40676739
MARCH	31	2012	13.17899624
APRIL	1	2012	13.76828224
APRIL	2	2012	13.43753366
APRIL	3	2012	14.67552063
APRIL	4	2012	13.39981966
APRIL	5	2012	13.79455956
APRIL	6	2012	12.78069666
APRIL	7	2012	11.7992613
APRIL	8	2012	11.70148703
APRIL	9	2012	13.3477673
APRIL	10	2012	12.86853716
APRIL	11	2012	12.78882669
APRIL	12	2012	13.25420689
APRIL	13	2012	13.41318635
APRIL	14	2012	14.29251207
APRIL	15	2012	14.91379981
APRIL	16	2012	14.58932686
APRIL	17	2012	13.93662858
APRIL	18	2012	13.82182097
APRIL	19	2012	13.37597241
APRIL	20	2012	13.41040395
APRIL	21	2012	13.24704476
APRIL	22	2012	12.86872711
APRIL	23	2012	13.26451903
APRIL	24	2012	13.79436032
APRIL	25	2012	14.06510484
APRIL	26	2012	13.57974833
APRIL	27	2012	13.38449464
APRIL	28	2012	12.89024603
APRIL	29	2012	13.16957206
APRIL	30	2012	16.08436581
MAY	1	2012	19.180397
MAY	2	2012	16.39330435
MAY	3	2012	15.33188963
MAY	4	2012	15.34808016
MAY	5	2012	15.31489468
MAY	6	2012	14.98438025
MAY	7	2012	17.22569656
MAY	8	2012	15.20797062
MAY	9	2012	14.8543278
MAY	10	2012	15.06575957
MAY	11	2012	14.5896883
MAY	12	2012	13.56413984
MAY	13	2012	12.53564072
MAY	14	2012	12.44631338
MAY	15	2012	11.8113521
MAY	16	2012	12.13682316
MAY	17	2012	12.72446075
MAY	18	2012	12.07236802
MAY	19	2012	10.81747001
MAY	20	2012	11.60129058
MAY	21	2012	12.23910439
MAY	22	2012	11.34862041
MAY	23	2012	11.30721283
MAY	24	2012	11.70357753
MAY	25	2012	11.47164588
MAY	26	2012	11.23429995
MAY	27	2012	10.71677804
MAY	28	2012	11.73709225
MAY	29	2012	11.896873
MAY	30	2012	11.72232956
MAY	31	2012	13.43661041
JUNE	1	2012	12.92177153
JUNE	2	2012	11.83628124
JUNE	3	2012	11.39763689
JUNE	4	2012	11.82537985
JUNE	5	2012	11.85027742
JUNE	6	2012	11.72773314
JUNE	7	2012	11.64836979
JUNE	8	2012	11.36059254
JUNE	9	2012	10.9835062
JUNE	10	2012	10.80621862
JUNE	11	2012	12.73486853
JUNE	12	2012	11.66576529
JUNE	13	2012	11.72200823
JUNE	14	2012	11.43259382
JUNE	15	2012	11.01785564
JUNE	16	2012	12.66547127
JUNE	17	2012	11.65011978
JUNE	18	2012	12.13057947
JUNE	19	2012	12.05708313
JUNE	20	2012	11.51251984
JUNE	21	2012	11.2979784
JUNE	22	2012	11.23776436
JUNE	23	2012	10.31532311
JUNE	24	2012	10.00896406
JUNE	25	2012	10.43503451
JUNE	26	2012	10.54454088
JUNE	27	2012	11.37197733
JUNE	28	2012	11.81322765
JUNE	29	2012	11.46740926
JUNE	30	2012	10.72781803
JULY	1	2012	10.43167865
JULY	2	2012	12.60169896
JULY	3	2012	11.23018575
JULY	4	2012	10.7800386
JULY	5	2012	11.22790313
JULY	6	2012	10.9055618
JULY	7	2012	10.44480348
JULY	8	2012	10.53741693
JULY	9	2012	10.72444916
JULY	10	2012	10.75076842
JULY	11	2012	11.16401482
JULY	12	2012	11.18777251
JULY	13	2012	11.53307009
JULY	14	2012	11.99572873
JULY	15	2012	11.30404806
JULY	16	2012	12.00635743
JULY	17	2012	12.58007669
JULY	18	2012	12.09243488
JULY	19	2012	11.9089241
JULY	20	2012	12.29735041
JULY	21	2012	11.14237142
JULY	22	2012	10.97542429
JULY	23	2012	11.38290787
JULY	24	2012	11.2436657
JULY	25	2012	11.62530756
JULY	26	2012	11.76781845
JULY	27	2012	11.60891151
JULY	28	2012	11.15735292
JULY	29	2012	11.23288393
JULY	30	2012	12.61468458
JULY	31	2012	12.49519539
AUG.	1	2012	13.75524902
AUG.	2	2012	13.48979139
AUG.	3	2012	12.29420257
AUG.	4	2012	13.29199266
AUG.	5	2012	11.58652639
AUG.	6	2012	11.07108504
AUG.	7	2012	11.34042579
AUG.	8	2012	12.21773426
AUG.	9	2012	13.21154319
AUG.	10	2012	13.88585234
AUG.	11	2012	11.65465758
AUG.	12	2012	10.65421434
AUG.	13	2012	11.90294075
AUG.	14	2012	11.1182535
AUG.	15	2012	10.3328793
AUG.	16	2012	15.87108529
AUG.	17	2012	10.94963741
AUG.	18	2012	10.27692223
AUG.	19	2012	10.07303715
AUG.	20	2012	10.69405651
AUG.	21	2012	10.69405651
AUG.	22	2012	11.84
AUG.	23	2012	11.02625895
AUG.	24	2012	11.10495424
AUG.	25	2012	11.07941868
AUG.	26	2012	17.9454329
AUG.	27	2012	14.98442739
AUG.	28	2012	13.06230728
AUG.	29	2012	13.06109331
AUG.	30	2012	12.76763621
AUG.	31	2012	13.09436257
SEPT.	1	2012	28.90487814
SEPT.	2	2012	20.41467703
SEPT.	3	2012	15.61650883
SEPT.	4	2012	15.12447082
SEPT.	5	2012	14.73143241
SEPT.	6	2012	14.2505157
SEPT.	7	2012	16.49532977
SEPT.	8	2012	13.97495595
SEPT.	9	2012	12.87390076
SEPT.	10	2012	13.53634261
SEPT.	11	2012	13.33634741
SEPT.	12	2012	13.32368806
SEPT.	13	2012	13.60273961
SEPT.	14	2012	13.15196668
SEPT.	15	2012	12.20859125
SEPT.	16	2012	11.8841083
SEPT.	17	2012	12.35486659
SEPT.	18	2012	12.15737544
SEPT.	19	2012	12.24596333
SEPT.	20	2012	11.97443359
SEPT.	21	2012	13.12806778
SEPT.	22	2012	11.93159862
SEPT.	23	2012	11.75867275
SEPT.	24	2012	11.91828077
SEPT.	25	2012	12.89228672
SEPT.	26	2012	13.49532362
SEPT.	27	2012	12.61272861
SEPT.	28	2012	12.1577705
SEPT.	29	2012	11.48619191
SEPT.	30	2012	11.33524951
OCT.	1	2012	11.76907921
OCT.	2	2012	12.58191252
OCT.	3	2012	12.8294158
OCT.	4	2012	13.35348415
OCT.	5	2012	15.84552956
OCT.	6	2012	13.46229744
OCT.	7	2012	12.57826996
OCT.	8	2012	12.61632252
OCT.	9	2012	12.18712568
OCT.	10	2012	11.86475229
OCT.	11	2012	12.07955217
OCT.	12	2012	11.76460934
OCT.	13	2012	14.28826904
OCT.	14	2012	13.09566021
OCT.	15	2012	13.1951313
OCT.	16	2012	12.99896145
OCT.	17	2012	14.92541695
OCT.	18	2012	14.38656235
OCT.	19	2012	15.12321329
OCT.	20	2012	14.16020823
OCT.	21	2012	13.28720188
OCT.	22	2012	19.59656268
OCT.	23	2012	24.67148399
OCT.	24	2012	18.52005053
OCT.	25	2012	18.09363556
OCT.	26	2012	17.33440733
OCT.	27	2012	15.6014123
OCT.	28	2012	14.34753323
OCT.	29	2012	14.61513472
OCT.	30	2012	14.13284731
OCT.	31	2012	14.05752754
NOV.	1	2012	13.45583391
NOV.	2	2012	12.88789511
NOV.	3	2012	12.93283224
NOV.	4	2012	12.20700455
NOV.	5	2012	12.5789032
NOV.	6	2012	13.18909502
NOV.	7	2012	12.94093418
NOV.	8	2012	12.715446
NOV.	9	2012	12.32895327
NOV.	10	2012	12.29280233
NOV.	11	2012	14.23638535
NOV.	12	2012	13.66765738
NOV.	13	2012	12.88588953
NOV.	14	2012	12.48921061
NOV.	15	2012	12.99207258
NOV.	16	2012	12.18896627
NOV.	17	2012	11.27865887
NOV.	18	2012	10.92261457
NOV.	19	2012	10.88787031
NOV.	20	2012	10.84228351
NOV.	21	2012	10.41161776
NOV.	22	2012	9.446489811
NOV.	23	2012	9.01919508
NOV.	24	2012	9.75095892
NOV.	25	2012	10.38758417
NOV.	26	2012	11.55252811
NOV.	27	2012	10.97153425
NOV.	28	2012	11.64280224
NOV.	29	2012	11.92275333
NOV.	30	2012	12.16702084
DEC.	1	2012	11.64940929
DEC.	2	2012	11.26403093
DEC.	3	2012	11.74757051
DEC.	4	2012	12.43898106
DEC.	5	2012	11.93678141
DEC.	6	2012	12.00993443
DEC.	7	2012	13.05912781
DEC.	8	2012	12.54037857
DEC.	9	2012	13.19851542
DEC.	10	2012	13.08688784
DEC.	11	2012	12.67555237
DEC.	12	2012	12.59121513
DEC.	13	2012	12.34179592
DEC.	14	2012	12.39225149
DEC.	15	2012	12.90249538
DEC.	16	2012	12.09290361
DEC.	17	2012	12.59341737
DEC.	18	2012	12.54532814
DEC.	19	2012	14.40166616
DEC.	20	2012	19.78961271
DEC.	21	2012	15.63410473
DEC.	22	2012	13.43185234
DEC.	23	2012	12.31058502
DEC.	24	2012	11.26080322
DEC.	25	2012	10.26985717
DEC.	26	2012	10.71728659
DEC.	27	2012	10.88901043
DEC.	28	2012	10.8783145
DEC.	29	2012	10.34450637
DEC.	30	2012	10.11600492
DEC.	31	2012	10.38569212
January	1	2013	9.931038761
January	2	2013	10.4603379
January	3	2013	10.500804
January	4	2013	10.60229778
January	5	2013	10.50395203
January	6	2013	10.75163174
January	7	2013	10.91807365
January	8	2013	11.62369204
January	9	2013	11.38968849
January	10	2013	13.23
January	11	2013	13.23
January	12	2013	17.93250595
January	13	2013	18.76906345
January	14	2013	17.04837577
January	15	2013	16.02890498
January	16	2013	15.22244729
January	17	2013	14.53432013
January	18	2013	14.33617187
January	19	2013	13.69011787
January	20	2013	12.67615985
January	21	2013	13.19899058
January	22	2013	13.16956161
January	23	2013	13.32383291
January	24	2013	13.20448828
January	25	2013	13.04056168
January	26	2013	12.69422045
January	27	2013	13.04246583
January	28	2013	13.49080372
January	29	2013	19.45688695
January	30	2013	22.02659455
January	31	2013	17.83435807
February	1	2013	17.09351947
February	2	2013	15.71796465
February	3	2013	14.71132231
February	4	2013	15.18713945
February	5	2013	14.80777361
February	6	2013	14.45160389
February	7	2013	15.12064727
February	8	2013	14.72260077
February	9	2013	14.55588097
February	10	2013	18.31845243
February	11	2013	17.38844646
February	12	2013	16.85577515
February	13	2013	16.33041523
February	14	2013	15.70829451
February	15	2013	15.02334044
February	16	2013	14.45986537
February	17	2013	13.75704986
February	18	2013	15.85181284
February	19	2013	14.94169502
February	20	2013	14.70003501
February	21	2013	14.5040834
February	22	2013	14.88442451
February	23	2013	14.13478316
February	24	2013	14.18785367
February	25	2013	16.02212389
February	26	2013	38.38878775
February	27	2013	27.39476623
February	28	2013	24.29163615
March	1	2013	21.34239107
March	2	2013	19.2814626
March	3	2013	17.96690851
March	4	2013	17.45602949
March	5	2013	17.34263369
March	6	2013	17.03774624
March	7	2013	16.96918392
March	8	2013	17.65185612
March	9	2013	17.81688619
March	10	2013	19.22789272
March	11	2013	18.67253351
March	12	2013	17.72362349
March	13	2013	16.80371493
March	14	2013	16.52648685
March	15	2013	15.85134134
March	16	2013	13.86868837
March	17	2013	13.19710112
March	18	2013	13.3357097
March	19	2013	12.7733291
March	20	2013	12.44497294
March	21	2013	12.29238327
March	22	2013	12.48939753
March	23	2013	12.21618319
March	24	2013	12.71027565
March	25	2013	14.64069223
March	26	2013	16.38742403
March	27	2013	18.35070816
March	28	2013	19.84514304
March	29	2013	19.9688406
March	30	2013	18.91729736
March	31	2013	17.70918608
April	1	2013	17.13494922
April	2	2013	16.51945646
April	3	2013	16.10064972
April	4	2013	15.88663816
April	5	2013	15.39208031
April	6	2013	14.39308617
April	7	2013	13.86249256
April	8	2013	14.57047289
April	9	2013	14.50765896
April	10	2013	32.06180191
April	11	2013	33.99382973
April	12	2013	26.74905348
April	13	2013	22.64075524
April	14	2013	19.66151002
April	15	2013	21.63982195
April	16	2013	34.33311605
April	17	2013	31.59443927
April	18	2013	49.47196388
April	19	2013	43.06938028
April	20	2013	33.12598872
April	21	2013	27.1276153
April	22	2013	24.16717744
April	23	2013	26.29422188
April	24	2013	26.76474166
April	25	2013	22.93341577
April	26	2013	21.21001408
April	27	2013	21.67803058
April	28	2013	20.99602514
April	29	2013	20.00466919
April	30	2013	19.05592537
May	1	2013	18.20770216
May	2	2013	18.51263189
May	3	2013	18.22994891
May	4	2013	17.81333204
May	5	2013	16.92323968
May	6	2013	16.70446972
May	7	2013	16.210906
May	8	2013	15.85156393
May	9	2013	23.52795339
May	10	2013	20.9121069
May	11	2013	18.09969113
May	12	2013	16.28938913
May	13	2013	15.82367229
May	14	2013	15.40111399
May	15	2013	14.89261961
May	16	2013	14.16052824
May	17	2013	13.82471242
May	18	2013	13.05981207
May	19	2013	12.60062218
May	20	2013	14.04886723
May	21	2013	13.73439167
May	22	2013	13.25896707
May	23	2013	12.51635677
May	24	2013	11.74190709
May	25	2013	12.2639669
May	26	2013	12.85529821
May	27	2013	14.42763881
May	28	2013	14.23473299
May	29	2013	13.70935215
May	30	2013	14.41736947
May	31	2013	20.34559679
June	1	2013	21.86745316
June	2	2013	17.71115589
June	3	2013	16.21108514
June	4	2013	15.6319418
June	5	2013	14.79845536
June	6	2013	13.73816633
June	7	2013	13.22725149
June	8	2013	12.3810284
June	9	2013	11.92161769
June	10	2013	12.86073664
June	11	2013	12.78721189
June	12	2013	12.95280743
June	13	2013	12.11357374
June	14	2013	11.66390038
June	15	2013	11.62594507
June	16	2013	11.64352219
June	17	2013	11.80791846
June	18	2013	11.21050906
June	19	2013	11.51858997
June	20	2013	11.5029707
June	21	2013	12.75607586
June	22	2013	14.82565069
June	23	2013	12.07887888
June	24	2013	12.52252722
June	25	2013	26.33530927
June	26	2013	26.85138977
June	27	2013	18.63176044
June	28	2013	16.29565728
June	29	2013	15.68174609
June	30	2013	14.43430172
July	1	2013	13.13579273
July	2	2013	12.70154602
July	3	2013	13.74118137
July	4	2013	11.45657669
July	5	2013	11.6212002
July	6	2013	11.0446803
July	7	2013	11.11942279
July	8	2013	12.00512505
July	9	2013	12.17886251
July	10	2013	17.85640544
July	11	2013	13.12151194
July	12	2013	12.35
July	13	2013	11.59333216
July	14	2013	11.54516585
July	15	2013	11.95599198
July	16	2013	11.82160115
July	17	2013	11.73390675
July	18	2013	11.86013222
July	19	2013	11.37124491
July	20	2013	11.01281883
July	21	2013	13.51222706
July	22	2013	13.27385402
July	23	2013	12.48358811
July	24	2013	12.295287
July	25	2013	12.02334132
July	26	2013	11.93475008
July	27	2013	11.13020733
July	28	2013	10.59034991
July	29	2013	11.45338276
July	30	2013	12.47691961
July	31	2013	11.96662319
August	1	2013	11.26676929
August	2	2013	11.65157243
August	3	2013	10.82307705
August	4	2013	10.16214371
August	5	2013	10.83489943
August	6	2013	11.11300743
August	7	2013	11.35826921
August	8	2013	11.25905108
August	9	2013	10.75585186
August	10	2013	9.880271435
August	11	2013	9.794584155
August	12	2013	10.15629697
August	13	2013	10.23750079
August	14	2013	10.26187861
August	15	2013	10.69221091
August	16	2013	10.5151428
August	17	2013	9.870343328
August	18	2013	9.973313093
August	19	2013	10.79164255
August	20	2013	11.00369751
August	21	2013	11.19478762
August	22	2013	11.73898745
August	23	2013	11.27980471
August	24	2013	10.7020998
August	25	2013	10.56868029
August	26	2013	11.59
August	27	2013	11.5
August	28	2013	13.59971905
August	29	2013	10.85048532
August	30	2013	11.20145798
August	31	2013	10.88775587
September	1	2013	10.22326994
September	2	2013	10.71635056
September	3	2013	11.02172327
September	4	2013	11.22407389
September	5	2013	11.16
September	6	2013	10.56397581
September	7	2013	11.03794289
September	8	2013	11.35476398
September	9	2013	10.91328955
September	10	2013	11.83696556
September	11	2013	11.62670517
September	12	2013	11.55421591
September	13	2013	11.33387041
September	14	2013	10.73026371
September	15	2013	10.52594662
September	16	2013	11.2880168
September	17	2013	11.45493889
September	18	2013	11.72471523
September	19	2013	12.19279623
September	20	2013	12.08071831
September	21	2013	11.12511444
September	22	2013	10.73578596
September	23	2013	11.08447599
September	24	2013	11.2228599
September	25	2013	11.3575802
September	26	2013	11.23989203
September	27	2013	11.20435844
September	28	2013	10.90127664
September	29	2013	11.00901623
September	30	2013	11.44044188
October	1	2013	11.80197684
October	2	2013	12.12949758
October	3	2013	12.19696928
October	4	2013	11.75149609
October	5	2013	12.26096228
October	6	2013	10.98143148
October	7	2013	11.38806315
October	8	2013	11.51594832
October	9	2013	11.42433997
October	10	2013	11.43413915
October	11	2013	11.21831748
October	12	2013	10.75534453
October	13	2013	10.38113959
October	14	2013	11.37328777
October	15	2013	11.56106826
October	16	2013	11.13761452
October	17	2013	11.12494732
October	18	2013	10.92776275
October	19	2013	10.82426871
October	20	2013	10.21963707
October	21	2013	10.73674871
October	22	2013	11.83053299
October	23	2013	11.230305
October	24	2013	10.72704698
October	25	2013	10.79680336
October	26	2013	10.61183809
October	27	2013	10.43862319
October	28	2013	10.83024586
October	29	2013	11.10763979
October	30	2013	13.79320051
October	31	2013	18.16354042
November	1	2013	13.5676008
November	2	2013	12.63499937
November	3	2013	11.52863345
November	4	2013	11.81919349
November	5	2013	11.9752507
November	6	2013	12.82215967
November	7	2013	11.98919169
November	8	2013	11.71061167
November	9	2013	11.11729737
November	10	2013	10.83236077
November	11	2013	11.73084235
November	12	2013	10.63938281
November	13	2013	11.08618265
November	14	2013	11.44308268
November	15	2013	11.20995955
November	16	2013	11.35987645
November	17	2013	11.0220743
November	18	2013	11.21898776
November	19	2013	11.32802506
November	20	2013	11.42473565
November	21	2013	13.05063866
November	22	2013	11.21821544
November	23	2013	9.587766696
November	24	2013	9.158920037
November	25	2013	9.279788801
November	26	2013	9.124282371
November	27	2013	8.679238392
November	28	2013	7.842665105
November	29	2013	8.124295965
November	30	2013	8.559441478
December	1	2013	9.260252771
December	2	2013	10.49855375
December	3	2013	10.67354679
December	4	2013	10.86828375
December	5	2013	10.82631254
December	6	2013	10.7509023
December	7	2013	10.45843328
December	8	2013	10.25935125
December	9	2013	10.63259172
December	10	2013	10.88
December	11	2013	10.88000032
December	12	2013	10.54136658
December	13	2013	10.71086755
December	14	2013	10.61157608
December	15	2013	10.21972322
December	16	2013	10.6298728
December	17	2013	11.00652885
December	18	2013	10.96693993
December	19	2013	12.80966826
December	20	2013	14.35236866
December	21	2013	18.58329818
December	22	2013	12.81276155
December	23	2013	10.67628429
December	24	2013	9.727475394
December	25	2013	8.760673613
December	26	2013	9.207649668
December	27	2013	9.568353724
December	28	2013	9.270977873
December	29	2013	9.070629156
December	30	2013	9.018922967
December	31	2013	9.143427668
January	1	2014	8.436219742
January	2	2014	8.862614121
January	3	2014	9.228259087
January	4	2014	9.334999558
January	5	2014	9.099174261
January	6	2014	9.205061913
January	7	2014	9.979804277
January	8	2014	9.73731385
January	9	2014	9.733750105
January	10	2014	17.83108234
January	11	2014	15.76029392
January	12	2014	14.00247725
January	13	2014	14.39684418
January	14	2014	13.3440219
January	15	2014	12.39594778
January	16	2014	10.77897291
January	17	2014	11.77564186
January	18	2014	12.18597259
January	19	2014	12.51362877
January	20	2014	13.05669359
January	21	2014	13.30329656
January	22	2014	12.87147833
January	23	2014	12.97938859
January	24	2014	13.02213052
January	25	2014	12.41904431
January	26	2014	12.27762862
January	27	2014	12.53168619
January	28	2014	12.31718637
January	29	2014	12.92737107
January	30	2014	12.19334556
January	31	2014	11.93543936
February	1	2014	19.72869134
February	2	2014	13.8707422
February	3	2014	13.17043004
February	4	2014	12.93108901
February	5	2014	12.4740062
February	6	2014	12.45997254
February	7	2014	12.46051133
February	8	2014	12.23652633
February	9	2014	12.03717753
February	10	2014	12.27630992
February	11	2014	12.26957976
February	12	2014	12.32418679
February	13	2014	12.24277554
February	14	2014	12.15966122
February	15	2014	11.78953648
February	16	2014	11.53832769
February	17	2014	11.73024374
February	18	2014	14.73398359
February	19	2014	16.76113324
February	20	2014	33.07450628
February	21	2014	20.393507
February	22	2014	17.77210745
February	23	2014	16.21883898
February	24	2014	15.22701976
February	25	2014	14.78025301
February	26	2014	14.48111842
February	27	2014	13.75979927
February	28	2014	13.61763803
March	1	2014	13.06295902
March	2	2014	12.34277725
March	3	2014	12.55227041
March	4	2014	12.72171593
March	5	2014	12.41381688
March	6	2014	13.32074806
March	7	2014	12.90199135
March	8	2014	12.35305023
March	9	2014	12.58149767
March	10	2014	13.88345194
March	11	2014	15.9612535
March	12	2014	19.29505086
March	13	2014	17.0432381
March	14	2014	16.95190574
March	15	2014	15.57723045
March	16	2014	14.70590805
March	17	2014	14.84046988
March	18	2014	14.3256105
March	19	2014	14.67380333
March	20	2014	14.54835537
March	21	2014	13.42103682
March	22	2014	11.78778028
March	23	2014	10.96782923
March	24	2014	11.56479311
March	25	2014	11.43396667
March	26	2014	11.37370358
March	27	2014	13.00199454
March	28	2014	11.90525818
March	29	2014	11.36127888
March	30	2014	11.74793236
March	31	2014	13.23935413
April	1	2014	12.99866867
April	2	2014	14.59211349
April	3	2014	24.5262537
April	4	2014	19.68195438
April	5	2014	17.50555627
April	6	2014	16.10787337
April	7	2014	16.79755688
April	8	2014	16.14006901
April	9	2014	15.19284762
April	10	2014	15.27276123
April	11	2014	14.62168598
April	12	2014	14.58905745
April	13	2014	14.77196143
April	14	2014	14.60189772
April	15	2014	14.44848585
April	16	2014	14.32696049
April	17	2014	13.67764901
April	18	2014	12.9176908
April	19	2014	12.41634798
April	20	2014	12.06474257
April	21	2014	13.50983572
April	22	2014	13.03994322
April	23	2014	12.80566692
April	24	2014	14.04907314
April	25	2014	14.17120008
April	26	2014	13.1967704
April	27	2014	15.50181677
April	28	2014	20.82457715
April	29	2014	19.59750884
April	30	2014	17.15450037
May	1	2014	16.35417769
May	2	2014	15.60671
May	3	2014	14.74442927
May	4	2014	14.63888597
May	5	2014	14.6442008
May	6	2014	15.46335316
May	7	2014	15.69098234
May	8	2014	15.36341
May	9	2014	15.98320818
May	10	2014	14.54754448
May	11	2014	14.78955555
May	12	2014	14.60658859
May	13	2014	14.94451523
May	14	2014	17.51711838
May	15	2014	18.09131249
May	16	2014	17.07889311
May	17	2014	15.18989837
May	18	2014	14.07508472
May	19	2014	13.47433662
May	20	2014	13.66812372
May	21	2014	14.62637329
May	22	2014	14.12338877
May	23	2014	12.60449024
May	24	2014	13.1903801
May	25	2014	11.29345703
May	26	2014	11.43935585
May	27	2014	12.44398212
May	28	2014	12.45993948
May	29	2014	12.20632029
May	30	2014	11.2803278
May	31	2014	10.62777925
June	1	2014	11.01163769
June	2	2014	11.67222023
June	3	2014	12.25111107
June	4	2014	15.56753701
June	5	2014	11.95267698
June	6	2014	11.32413518
June	7	2014	13.46423198
June	8	2014	12.86911085
June	9	2014	12.40424109
June	10	2014	20.76913536
June	11	2014	16.24187592
June	12	2014	14.35717801
June	13	2014	13.07889032
June	14	2014	12.11817789
June	15	2014	12.01365519
June	16	2014	12.92851067
June	17	2014	12.78416061
June	18	2014	12.71370697
June	19	2014	13.74488218
June	20	2014	14.17686529
June	21	2014	12.75787413
June	22	2014	12.20988929
June	23	2014	22.13831357
June	24	2014	35.82867376
June	25	2014	20.15303698
June	26	2014	17.47395554
June	27	2014	15.73763418
June	28	2014	14.62167549
June	29	2014	13.64400387
June	30	2014	25.15705323
July	1	2014	25.41769838
July	2	2014	18.87943745
July	3	2014	15.77529001
July	4	2014	13.17263699
July	5	2014	13.22533703
July	6	2014	13.69479227
July	7	2014	14.15231991
July	8	2014	13.85927773
July	9	2014	12.68
July	10	2014	11.49741602
July	11	2014	12.79049397
July	12	2014	44.76
July	13	2014	35.2
July	14	2014	31.85
July	15	2014	25.41269073
July	16	2014	21.04740352
July	17	2014	18.55234146
July	18	2014	17.00080681
July	19	2014	14.23503796
July	20	2014	13.5008263
July	21	2014	13.98944477
July	22	2014	13.90996265
July	23	2014	13.35090923
July	24	2014	13.08523655
July	25	2014	13.03095445
July	26	2014	22.69
July	27	2014	22.96107256
July	28	2014	18.12245941
July	29	2014	16.20661259
July	30	2014	15.55438232
July	31	2014	14.30193281
August	1	2014	14.4296279
August	2	2014	12.72817802
August	3	2014	12.29738188
August	4	2014	13.15592003
August	5	2014	13.2843008
August	6	2014	12.54001141
August	7	2014	12.31027603
August	8	2014	12.15528059
August	9	2014	11.36292887
August	10	2014	11.24960899
August	11	2014	11.6777482
August	12	2014	11.59049797
August	13	2014	11.62017393
August	14	2014	11.12410589
August	15	2014	10.95197487
August	16	2014	10.62731934
August	17	2014	10.55449724
August	18	2014	11.40170813
August	19	2014	11.79062366
August	20	2014	12.54476309
August	21	2014	12.93248987
August	22	2014	13.91095355
August	23	2014	13.08718395
August	24	2014	12.75684547
August	25	2014	13.92739201
August	26	2014	13.41619301
August	27	2014	13.43711758
August	28	2014	14.23922825
August	29	2014	14.12995148
August	30	2014	12.99079609
August	31	2014	12.33678532
September	1	2014	12.4205122
September	2	2014	12.99724674
September	3	2014	12.67652321
September	4	2014	12.68530178
September	5	2014	13.07961607
September	6	2014	11.89225022
September	7	2014	11.32716891
September	8	2014	11.32603931
September	9	2014	14.92863667
September	10	2014	19.43866754
September	11	2014	14.97436631
September	12	2014	14.19238828
September	13	2014	13.37327281
September	14	2014	12.9047975
September	15	2014	15.51889513
September	16	2014	14.01428863
September	17	2014	13.60244421
September	18	2014	13.19370615
September	19	2014	13.10187578
September	20	2014	15.79251575
September	21	2014	14.1087275
September	22	2014	13.32976989
September	23	2014	13.31300383
September	24	2014	13.53423738
September	25	2014	13.08996153
September	26	2014	12.71164513
September	27	2014	11.97835302
September	28	2014	12.15
September	29	2014	12.15
September	30	2014	12.15
October	1	2014	12.67977699
October	2	2014	23.78
October	3	2014	20.65910107
October	4	2014	16.11502171
October	5	2014	14.2764287
October	6	2014	14.75349331
October	7	2014	14.52316475
October	8	2014	14.57663107
October	9	2014	14.06903505
October	10	2014	13.55856657
October	11	2014	12.74187517
October	12	2014	13.58478451
October	13	2014	16.04633331
October	14	2014	15.46044493
October	15	2014	15.62158108
October	16	2014	15.27338511
October	17	2014	14.49127955
October	18	2014	13.82536142
October	19	2014	13.18926708
October	20	2014	13.58804848
October	21	2014	13.03619483
October	22	2014	13.06059348
October	23	2014	13.05370252
October	24	2014	12.82216959
October	25	2014	12.51197624
October	26	2014	12.98994923
October	27	2014	13.40223885
October	28	2014	13.07987779
October	29	2014	12.03252046
October	30	2014	11.81705249
October	31	2014	12.04287437
November	1	2014	12.16367674
November	2	2014	11.73353672
November	3	2014	12.02848841
November	4	2014	14.14702129
November	5	2014	12.87531516
November	6	2014	13.91325122
November	7	2014	12.89584112
November	8	2014	11.70874214
November	9	2014	11.26629239
November	10	2014	11.96055304
November	11	2014	11.87191428
November	12	2014	11.79173374
November	13	2014	12.01657009
November	14	2014	11.9524042
November	15	2014	11.92815495
November	16	2014	11.80533028
November	17	2014	11.48636961
November	18	2014	11.53174782
November	19	2014	11.87420225
November	20	2014	11.86956852
November	21	2014	11.38497114
November	22	2014	11.2549755
November	23	2014	18.29738545
November	24	2014	19.46365082
November	25	2014	14.70268202
November	26	2014	13.08215871
November	27	2014	10.88734939
November	28	2014	11.45859738
November	29	2014	11.13451649
November	30	2014	11.61049366
December	1	2014	12.63157907
December	2	2014	12.84705718
December	3	2014	13.40296893
December	4	2014	12.77992581
December	5	2014	15.28813444
December	6	2014	14.03729989
December	7	2014	13.72296277
December	8	2014	14.28366411
December	9	2014	13.92754391
December	10	2014	14.28328165
December	11	2014	13.64602662
December	12	2014	13.46098585
December	13	2014	12.92771664
December	14	2014	12.80615658
December	15	2014	13.77972182
December	16	2014	13.52921566
December	17	2014	13.29914015
December	18	2014	13.09940392
December	19	2014	12.18492912
December	20	2014	10.97802132
December	21	2014	10.54400492
December	22	2014	13.84762966
December	23	2014	13.18105693
December	24	2014	15.96840286
December	25	2014	13.5179126
December	26	2014	13.45067189
December	27	2014	13.34036072
December	28	2014	12.46689079
December	29	2014	12.16323837
December	30	2014	12.09024259
December	31	2014	11.89753241
January	1	2015	10.77154303
January	2	2015	11.27331151
January	3	2015	16.14532265
January	4	2015	13.62050046
January	5	2015	13.55378151
January	6	2015	13.19
January	7	2015	12.84443521
January	8	2015	12.89647913
January	9	2015	12.30167389
January	10	2015	11.95082951
January	11	2015	12.04108143
January	12	2015	12.3942523
January	13	2015	12.15426922
January	14	2015	12.32408905
January	15	2015	12.13805485
January	16	2015	12.13074875
January	17	2015	13.89561796
January	18	2015	13.77617979
January	19	2015	14.04807138
January	20	2015	14.09327939
January	21	2015	14
January	22	2015	13.88
January	23	2015	13.94
January	24	2015	13.45
January	25	2015	13.86
January	26	2015	13.74060809
January	27	2015	13.66460635
January	28	2015	13.55621243
January	29	2015	13.26652338
January	30	2015	13.15228379
January	31	2015	13.37675172
February	1	2015	13.91161415
February	2	2015	13.71002865
February	3	2015	13.8900352
February	4	2015	13.40575821
February	5	2015	13.30308695
February	6	2015	13.50387314
February	7	2015	15.69439738
February	8	2015	16.74674034
February	9	2015	16.17360854
February	10	2015	15.63334109
February	11	2015	15.02799132
February	12	2015	14.68537583
February	13	2015	14.48346835
February	14	2015	13.55956629
February	15	2015	13.13954344
February	16	2015	13.70630101
February	17	2015	13.39929929
February	18	2015	13.05661917
February	19	2015	13.16455918
February	20	2015	13.08393629
February	21	2015	12.73852138
February	22	2015	12.34596825
February	23	2015	12.53413677
February	24	2015	12.67420706
February	25	2015	12.64792538
February	26	2015	12.69572205
February	27	2015	12.555185
February	28	2015	12.27601004
March	1	2015	11.85109711
March	2	2015	12.45854092
March	3	2015	13.49220467
March	4	2015	12.7759405
March	5	2015	12.68189898
March	6	2015	12.58896112
March	7	2015	13.72094373
March	8	2015	14.59839702
March	9	2015	16.35440636
March	10	2015	17.67176819
March	11	2015	17.12132168
March	12	2015	16.48797131
March	13	2015	16.60825634
March	14	2015	15.05295753
March	15	2015	14.79754311
March	16	2015	15.21543967
March	17	2015	14.41635778
March	18	2015	14.38748044
March	19	2015	14.37919401
March	20	2015	13.57638179
March	21	2015	12.12485234
March	22	2015	11.34966778
March	23	2015	11.61961538
March	24	2015	12.14783224
March	25	2015	13.217737
March	26	2015	13.90601855
March	27	2015	12.93379886
March	28	2015	12.48169717
March	29	2015	12.9914756
March	30	2015	13.59101601
March	31	2015	13.35093382
April	1	2015	13.56825035
April	2	2015	13.60989735
April	3	2015	12.93166399
April	4	2015	11.63446803
April	5	2015	11.49714093
April	6	2015	12.72017133
April	7	2015	13.17973832
April	8	2015	17.39165074
April	9	2015	32.40797483
April	10	2015	22.04461691
April	11	2015	18.75855644
April	12	2015	17.09302639
April	13	2015	16.69329548
April	14	2015	15.81771135
April	15	2015	15.48001289
April	16	2015	14.84210587
April	17	2015	14.30545235
April	18	2015	14.05231571
April	19	2015	16.49320895
April	20	2015	15.72221279
April	21	2015	14.8482995
April	22	2015	14.78073025
April	23	2015	14.23921898
April	24	2015	13.9211021
April	25	2015	16.15191126
April	26	2015	14.17400885
April	27	2015	14.12993754
April	28	2015	14.21154486
April	29	2015	14.19474649
April	30	2015	14.00426197
May	1	2015	13.32217073
May	2	2015	12.69704771
May	3	2015	12.69331598
May	4	2015	13.26787138
May	5	2015	13.32023764
May	6	2015	13.08211994
May	7	2015	13.1423893
May	8	2015	13.78371191
May	9	2015	14.31177568
May	10	2015	15.3326602
May	11	2015	18.39997929
May	12	2015	15.50714188
May	13	2015	14.70497535
May	14	2015	15.14099526
May	15	2015	16.02654457
May	16	2015	16.51005173
May	17	2015	15.31572771
May	18	2015	13.93609381
May	19	2015	13.22757244
May	20	2015	12.87068209
May	21	2015	12.28359627
May	22	2015	11.87106037
May	23	2015	10.90034533
May	24	2015	10.49123621
May	25	2015	10.75873375
May	26	2015	11.93067384
May	27	2015	11.54330277
May	28	2015	11.51510787
May	29	2015	11.62765217
May	30	2015	24.879107
May	31	2015	22.06949866
June	1	2015	17.09353982
June	2	2015	15.38196151
June	3	2015	14.61947584
June	4	2015	13.91851997
June	5	2015	13.29645109
June	6	2015	12.04164124
June	7	2015	30.37670973
June	8	2015	36.07409845
June	9	2015	23.22866043
June	10	2015	18.97896814
June	11	2015	17.41429806
June	12	2015	22.20413053
June	13	2015	22.60947573
June	14	2015	18.46383286
June	15	2015	19.54363108
June	16	2015	18.38786507
June	17	2015	17.50913763
June	18	2015	17.45964488
June	19	2015	16.70958996
June	20	2015	16.0364418
June	21	2015	15.26374173
June	22	2015	15.22361565
June	23	2015	14.1133163
June	24	2015	22.46420059
June	25	2015	42.81973392
June	26	2015	50.3375473
June	27	2015	34.03861046
June	28	2015	25.42126888
June	29	2015	21.55880642
June	30	2015	18.88913631
July	1	2015	17.48419094
July	2	2015	15.99370506
July	3	2015	14.62222548
July	4	2015	13.3892417
July	5	2015	13.40180039
July	6	2015	14.77557468
July	7	2015	16.5215044
July	8	2015	23.18127704
July	9	2015	21.86116397
July	10	2015	18.56823206
July	11	2015	17.15754795
July	12	2015	16.24661703
July	13	2015	16.35946655
July	14	2015	15.52078503
July	15	2015	14.95365066
July	16	2015	14.73136223
July	17	2015	13.83315527
July	18	2015	12.81586778
July	19	2015	12.65538076
July	20	2015	14.45682693
July	21	2015	13.03196129
July	22	2015	12.6231519
July	23	2015	12.48888379
July	24	2015	12.28765148
July	25	2015	11.84969574
July	26	2015	11.24399227
July	27	2015	11.49857932
July	28	2015	12.91002297
July	29	2015	12.67400777
July	30	2015	11.76426953
July	31	2015	11.11589473
August	1	2015	10.65997634
August	2	2015	11.06367299
August	3	2015	10.85650787
August	4	2015	10.76954424
August	5	2015	10.40297067
August	6	2015	11.2636441
August	7	2015	10.75933051
August	8	2015	10.35229099
August	9	2015	14.22116101
August	10	2015	12.55543625
August	11	2015	11.47492848
August	12	2015	11.93255285
August	13	2015	10.70290306
August	14	2015	10.65469686
August	15	2015	10.4488107
August	16	2015	9.959514618
August	17	2015	11.19649407
August	18	2015	18.49895221
August	19	2015	14.07088804
August	20	2015	13.19154167
August	21	2015	12.40171432
August	22	2015	12.29699377
August	23	2015	12.23702717
August	24	2015	12.35
August	25	2015	12.159
August	26	2015	11.76954079
August	27	2015	12.28152747
August	28	2015	12.4228668
August	29	2015	12.04450614
August	30	2015	12.01742999
August	31	2015	12.44118958
September	1	2015	14.09432173
September	2	2015	12.996315
September	3	2015	12.83709467
September	4	2015	15.36847113
September	5	2015	13.07338355
September	6	2015	11.71845157
September	7	2015	12.06710177
September	8	2015	17.09251136
September	9	2015	14.18142366
September	10	2015	13.88957644
September	11	2015	14.92731094
September	12	2015	13.43
September	13	2015	12.87
September	14	2015	12.96
September	15	2015	12.8521016
September	16	2015	12.75323319
September	17	2015	13.30781269
September	18	2015	28.80451226
September	19	2015	27.96646548
September	20	2015	17.84683117
September	21	2015	16.66417789
September	22	2015	15.96443605
September	23	2015	15.29367208
September	24	2015	14.79404092
September	25	2015	14.29020071
September	26	2015	13.37020469
September	27	2015	13.39348671
September	28	2015	13.57923888
September	29	2015	13.6203345
September	30	2015	12.62303191
October	1	2015	12.55687022
October	2	2015	12.53621149
October	3	2015	12.14058614
October	4	2015	12.27484369
October	5	2015	12.26302346
October	6	2015	12.77167964
October	7	2015	12.12359023
October	8	2015	11.89807463
October	9	2015	11.924088
October	10	2015	11.40417409
October	11	2015	11.55736232
October	12	2015	11.81562209
October	13	2015	11.73746943
October	14	2015	12.20290852
October	15	2015	11.69353986
October	16	2015	11.93218586
October	17	2015	10.98496008
October	18	2015	10.65093493
October	19	2015	11.10669231
October	20	2015	11.26902866
October	21	2015	11.54553366
October	22	2015	11.4154737
October	23	2015	11.73590946
October	24	2015	11.47705698
October	25	2015	11.17800951
October	26	2015	11.38844895
October	27	2015	14.49496508
October	28	2015	12.79897475
October	29	2015	11.99543405
October	30	2015	11.84568548
October	31	2015	12.68325615
November	1	2015	11.94035029
November	2	2015	12.15505767
November	3	2015	12.525213
November	4	2015	12.79252696
November	5	2015	13.00343132
November	6	2015	12.37260842
November	7	2015	11.91910863
November	8	2015	11.8586936
November	9	2015	11.80439258
November	10	2015	12.08002234
November	11	2015	12.37635326
November	12	2015	11.98
November	13	2015	11.82113361
November	14	2015	11.6502986
November	15	2015	11.66773844
November	16	2015	18.11
November	17	2015	18.94
November	18	2015	17.91305447
November	19	2015	16.15088129
November	20	2015	13.92560244
November	21	2015	14.95465279
November	22	2015	13.13236284
November	23	2015	12.81566048
November	24	2015	12.96738768
November	25	2015	12.39295483
November	26	2015	11.76685071
November	27	2015	25.8429805
November	28	2015	19.37969685
November	29	2015	17.33852863
November	30	2015	17.94161892
December	1	2015	17.33088207
December	2	2015	16.68756104
December	3	2015	15.05190897
December	4	2015	15.46653986
December	5	2015	14.90674686
December	6	2015	14.66969728
December	7	2015	14.7675519
December	8	2015	14.26710176
December	9	2015	14.18784618
December	10	2015	13.92101431
December	11	2015	13.76668262
December	12	2015	13.80105257
December	13	2015	17.23278236
December	14	2015	18.44199371
December	15	2015	16.73766613
December	16	2015	15.83564711
December	17	2015	14.99318504
December	18	2015	14.55664825
December	19	2015	13.30271244
December	20	2015	16.15205786
December	21	2015	21.14808771
December	22	2015	17.57541561
December	23	2015	21.84015691
December	24	2015	18.29527092
December	25	2015	15.46513939
December	26	2015	41.76625267
December	27	2015	41.43157047
December	28	2015	50.75883968
December	29	2015	37.81401062
December	30	2015	28.40934361
December	31	2015	23.65164988
Jan	1	2016	20.39755344
Jan	2	2016	18.69359589
Jan	3	2016	17.25438023
Jan	4	2016	17.10605955
Jan	5	2016	16.5414567
Jan	6	2016	15.62997437
Jan	7	2016	15.06454182
Jan	8	2016	15.09511805
Jan	9	2016	17.66981173
Jan	10	2016	15.84001541
Jan	11	2016	16.02146053
Jan	12	2016	14.92246771
Jan	13	2016	14.72947359
Jan	14	2016	14.58571196
Jan	15	2016	15.08214426
Jan	16	2016	14.32735348
Jan	17	2016	13.92384338
Jan	18	2016	14.27423763
Jan	19	2016	14.51385736
Jan	20	2016	14.58703661
Jan	21	2016	14.69205236
Jan	22	2016	14.58716726
Jan	23	2016	14.30423021
Jan	24	2016	14.20113182
Jan	25	2016	14.97202921
Jan	26	2016	14.22055435
Jan	27	2016	14.31703901
Jan	28	2016	14.4467268
Jan	29	2016	14.35746664
Jan	30	2016	13.63891125
Jan	31	2016	13.4843626
Feb	1	2016	14.15642452
Feb	2	2016	16.43890527
Feb	3	2016	15.91398954
Feb	4	2016	15.30385323
Feb	5	2016	14.67621085
Feb	6	2016	14.31420326
Feb	7	2016	14.14062548
Feb	8	2016	14.07557774
Feb	9	2016	13.83796358
Feb	10	2016	13.79016972
Feb	11	2016	13.52743196
Feb	12	2016	13.30881643
Feb	13	2016	12.98935795
Feb	14	2016	12.8873806
Feb	15	2016	13.51362324
Feb	16	2016	13.31851435
Feb	17	2016	13.0090332
Feb	18	2016	13.70813656
Feb	19	2016	13.49117524
Feb	20	2016	12.79749393
Feb	21	2016	12.82790458
Feb	22	2016	12.92551939
Feb	23	2016	12.62337074
Feb	24	2016	13.92075109
Feb	25	2016	14.41826963
Feb	26	2016	14.05555868
Feb	27	2016	13.68656158
Feb	28	2016	13.73444891
Feb	29	2016	13.64265776
March	1	2016	14.4
March	2	2016	13.11764669
March	3	2016	14.33927774
March	4	2016	14.15082169
March	5	2016	13.4250164
March	6	2016	13.29720879
March	7	2016	14.23297119
March	8	2016	13.61325645
March	9	2016	13.89205503
March	10	2016	14.17648458
March	11	2016	13.47171563
March	12	2016	13.17357608
March	13	2016	18.9869317
March	14	2016	17.68392207
March	15	2016	17.04491234
March	16	2016	15.8160882
March	17	2016	15.29219246
March	18	2016	14.23253155
March	19	2016	12.72149248
March	20	2016	11.88129187
March	21	2016	11.90062904
March	22	2016	11.99255869
March	23	2016	11.44548559
March	24	2016	13.41578007
March	25	2016	11.93308653
March	26	2016	11.16684606
March	27	2016	14.0376091
March	28	2016	14.4627986
March	29	2016	14.06443739
March	30	2016	22.15726852
March	31	2016	27.54435301
April	1	2016	22.66586202
April	2	2016	19.24
April	3	2016	17.6
April	4	2016	16.35229921
April	5	2016	16.54435921
April	6	2016	24.43211591
April	7	2016	21.63671491
April	8	2016	19.49671602
April	9	2016	17.80974531
April	10	2016	19.68371561
April	11	2016	19.07966232
April	12	2016	17.90652521
April	13	2016	17.61980963
April	14	2016	17.14539576
April	15	2016	17.02591515
April	16	2016	16.25408792
April	17	2016	15.21580315
April	18	2016	15.67476702
April	19	2016	15.670506
April	20	2016	15.80806716
April	21	2016	15.81540959
April	22	2016	14.85000739
April	23	2016	14.22370672
April	24	2016	13.9696393
April	25	2016	14.47216988
April	26	2016	14.16654968
April	27	2016	16.89710188
April	28	2016	17.36334848
April	29	2016	15.52170067
April	30	2016	21.55372691
May	1	2016	18.75026996
May	2	2016	17.53929855
May	3	2016	16.41607046
May	4	2016	16.446064
May	5	2016	15.0533185
May	6	2016	14.9416647
May	7	2016	14.11265993
May	8	2016	14.5146363
May	9	2016	16.99101041
May	10	2016	16.94490957
May	11	2016	17.42584705
May	12	2016	16.72189379
May	13	2016	16.97357273
May	14	2016	16.0751214
May	15	2016	14.85929012
May	16	2016	14.1404624
May	17	2016	13.91049127
May	18	2016	13.46207762
May	19	2016	12.97653198
May	20	2016	12.91700315
May	21	2016	12.12551737
May	22	2016	12.01413679
May	23	2016	12.09290409
May	24	2016	12.06998396
May	25	2016	12.26714611
May	26	2016	13.03540373
May	27	2016	13.13651323
May	28	2016	11.73015451
May	29	2016	10.97945452
May	30	2016	10.9217186
May	31	2016	16.47154492
June	1	2016	15.11391115
June	2	2016	13.53182697
June	3	2016	12.66919208
June	4	2016	18.89304307
June	5	2016	14.28652716
June	6	2016	13.66642523
June	7	2016	13.00209713
June	8	2016	12.33973145
June	9	2016	12.02284408
June	10	2016	11.82308364
June	11	2016	11.3213861
June	12	2016	10.93200874
June	13	2016	11.54610419
June	14	2016	15.31658117
June	15	2016	15.0852766
June	16	2016	13.14055133
June	17	2016	12.3216815
June	18	2016	11.2363162
June	19	2016	10.98746037
June	20	2016	17.01388597
June	21	2016	16.08139712
June	22	2016	28.93382685
June	23	2016	19.20114473
June	24	2016	16.21331406
June	25	2016	14.42187572
June	26	2016	13.96082997
June	27	2016	13.72173842
June	28	2016	13.18345737
June	29	2016	12.53246856
June	30	2016	13.51830697
July	1	2016	12.87984967
July	2	2016	11.54401398
July	3	2016	13.95742483
July	4	2016	12.61487937
July	5	2016	13.00804138
July	6	2016	15.73212576
July	7	2016	14.15328693
July	8	2016	13.30041528
July	9	2016	12.13681698
July	10	2016	11.40846372
July	11	2016	12.02136922
July	12	2016	11.99211621
July	13	2016	13.95100975
July	14	2016	12.92584229
July	15	2016	11.87798095
July	16	2016	11.18165708
July	17	2016	11.98522592
July	18	2016	12.18985605
July	19	2016	12.00180292
July	20	2016	11.96900344
July	21	2016	13.0681076
July	22	2016	12.75519896
July	23	2016	11.56803608
July	24	2016	15.30749068
July	25	2016	14.53591442
July	26	2016	12.83527946
July	27	2016	12.76094937
July	28	2016	12.69340014
July	29	2016	12.19497705
July	30	2016	11.31799555
July	31	2016	11.28240848
Aug	1	2016	11.64089155
Aug	2	2016	11.83990431
Aug	3	2016	11.47161225
Aug	4	2016	11.28765106
Aug	5	2016	11.36749506
Aug	6	2016	10.18294382
Aug	7	2016	9.995856524
Aug	8	2016	10.95259786
Aug	9	2016	11.43946394
Aug	10	2016	10.94083595
Aug	11	2016	11.16473866
Aug	12	2016	12.87918472
Aug	13	2016	10.82663774
Aug	14	2016	10.52788281
Aug	15	2016	20.92895603
Aug	16	2016	15.58098841
Aug	17	2016	14.19059801
Aug	18	2016	15.48708439
Aug	19	2016	14.81023359
Aug	20	2016	14.33239794
Aug	21	2016	13.26861906
Aug	22	2016	13.65314794
Aug	23	2016	13.36988449
Aug	24	2016	16.02371206
Aug	25	2016	14.28443861
Aug	26	2016	14.2931447
Aug	27	2016	13.35519361
Aug	28	2016	13.50882292
Aug	29	2016	13.49628544
Aug	30	2016	13.46024466
Aug	31	2016	13.13532877
Sept	1	2016	12.83830428
Sept	2	2016	12.23907399
Sept	3	2016	11.32088614
Sept	4	2016	10.5490694
Sept	5	2016	11.85307741
Sept	6	2016	12.90564537
Sept	7	2016	12.89366198
Sept	8	2016	16.17875764
Sept	9	2016	20.12376952
Sept	10	2016	22.07107806
Sept	11	2016	15.87725825
Sept	12	2016	15.22540623
Sept	13	2016	15.14540386
Sept	14	2016	15.09117842
Sept	15	2016	14.73316956
Sept	16	2016	15.0755415
Sept	17	2016	14.14589435
Sept	18	2016	13.41214888
Sept	19	2016	13.35321345
Sept	20	2016	13.51870251
Sept	21	2016	13.45767021
Sept	22	2016	13.17128634
Sept	23	2016	13.11871195
Sept	24	2016	12.82502484
Sept	25	2016	13.26925945
Sept	26	2016	12.91439104
Sept	27	2016	12.88367415
Sept	28	2016	13.16698503
Sept	29	2016	13.46742763
Sept	30	2016	13.52627455
Oct	1	2016	12.69128513
Oct	2	2016	12.40147638
Oct	3	2016	12.90466833
Oct	4	2016	12.81299543
Oct	5	2016	12.72248125
Oct	6	2016	12.55378389
Oct	7	2016	12.17459393
Oct	8	2016	11.78027248
Oct	9	2016	11.53032207
Oct	10	2016	11.66745186
Oct	11	2016	11.81696157
Oct	12	2016	12.3519268
Oct	13	2016	11.76683855
Oct	14	2016	11.45994186
Oct	15	2016	11.36791086
Oct	16	2016	12.08710412
Oct	17	2016	12.46525097
Oct	18	2016	12.16082364
Oct	19	2016	13.17199183
Oct	20	2016	14.12050247
Oct	21	2016	12.32547712
Oct	22	2016	11.65003014
Oct	23	2016	11.5987701
Oct	24	2016	12.02795688
Oct	25	2016	11.94049682
Oct	26	2016	12.1553179
Oct	27	2016	12.15824784
Oct	28	2016	12.33270099
Oct	29	2016	11.84147379
Oct	30	2016	12.0856371
Oct	31	2016	11.87721704
Nov	1	2016	12.02922995
Nov	2	2016	13.1497097
Nov	3	2016	12.74623412
Nov	4	2016	11.8448534
Nov	5	2016	11.85729563
Nov	6	2016	11.74778318
Nov	7	2016	10.92585784
Nov	8	2016	11.95198376
Nov	9	2016	11.59182523
Nov	10	2016	11.37569092
Nov	11	2016	11.74348169
Nov	12	2016	11.6232172
Nov	13	2016	11.55274168
Nov	14	2016	11.70695495
Nov	15	2016	11.45266414
Nov	16	2016	11.81371813
Nov	17	2016	10.95800039
Nov	18	2016	12.59675095
Nov	19	2016	10.95694375
Nov	20	2016	10.21028166
Nov	21	2016	10.1479497
Nov	22	2016	11.89629343
Nov	23	2016	14.62554169
Nov	24	2016	11.05412415
Nov	25	2016	10.73946825
Nov	26	2016	10.76478903
Nov	27	2016	12.27266383
Nov	28	2016	19.02900428
Nov	29	2016	16.1681468
Nov	30	2016	14.63444274
Dec	1	2016	14.47
Dec	2	2016	13.75058079
Dec	3	2016	13.38069178
Dec	4	2016	14.48608838
Dec	5	2016	14.9577713
Dec	6	2016	14.28470832
Dec	7	2016	13.75267428
Dec	8	2016	13.38466767
Dec	9	2016	13.3866246
Dec	10	2016	13.05821437
Dec	11	2016	13.88654683
Dec	12	2016	13.61484604
Dec	13	2016	13.54133391
Dec	14	2016	13.20041688
Dec	15	2016	12.95936376
Dec	16	2016	12.69143046
Dec	17	2016	11.69300671
Dec	18	2016	10.84480197
Dec	19	2016	11.22239877
Dec	20	2016	11.30290725
Dec	21	2016	11.23417224
Dec	22	2016	11.0260713
Dec	23	2016	10.56902611
Dec	24	2016	9.855619907
Dec	25	2016	9.702280521
Dec	26	2016	12.89596415
Dec	27	2016	11.93200588
Dec	28	2016	11.45714855
Dec	29	2016	11.01274114
Dec	30	2016	10.58154559
Dec	31	2016	10.25689483
Jan	1	2017	10.10222908
Jan	2	2017	10.85173309
Jan	3	2017	12.33874297
Jan	4	2017	12.068546
Jan	5	2017	11.37377771
Jan	6	2017	11.52926954
Jan	7	2017	10.90956859
Jan	8	2017	10.75313673
Jan	9	2017	11.13472657
Jan	10	2017	11.53838801
Jan	11	2017	12.33204746
Jan	12	2017	13.58393908
Jan	13	2017	13.00867308
Jan	14	2017	13.99009466
Jan	15	2017	13.69972134
Jan	16	2017	16.771756
Jan	17	2017	17.70219103
Jan	18	2017	16.40448992
Jan	19	2017	24.94265604
Jan	20	2017	28.39387608
Jan	21	2017	21.86800571
Jan	22	2017	19.37220362
Jan	23	2017	18.09362924
Jan	24	2017	17.21801219
Jan	25	2017	15.91447027
Jan	26	2017	15.9285781
Jan	27	2017	15.42946243
Jan	28	2017	14.96306086
Jan	29	2017	14.51504493
Jan	30	2017	14.78934184
Jan	31	2017	14.36809134
Feb	1	2017	14.3654995
Feb	2	2017	14.17055726
Feb	3	2017	14.16153908
Feb	4	2017	14.0204978
Feb	5	2017	13.47784662
Feb	6	2017	14.09965425
Feb	7	2017	14.63133192
Feb	8	2017	13.99956036
Feb	9	2017	13.41045189
Feb	10	2017	13.40147114
Feb	11	2017	13.02073288
Feb	12	2017	12.70863533
Feb	13	2017	13.03850412
Feb	14	2017	13.23959589
Feb	15	2017	12.93826151
Feb	16	2017	12.62210083
Feb	17	2017	12.07721186
Feb	18	2017	11.45147514
Feb	19	2017	11.3507967
Feb	20	2017	11.98490667
Feb	21	2017	12.00036907
Feb	22	2017	12.00826454
Feb	23	2017	12.05428267
Feb	24	2017	11.89877224
Feb	25	2017	11.10489607
Feb	26	2017	10.8645291
Feb	27	2017	11.63752744
Feb	28	2017	13.20890713
Mar	1	2017	13.65722322
Mar	2	2017	12.81551458
Mar	3	2017	12.53352833
Mar	4	2017	12.33248788
Mar	5	2017	12.05330284
Mar	6	2017	13.31745929
Mar	7	2017	13.88355063
Mar	8	2017	13.22829767
Mar	9	2017	12.95604011
Mar	10	2017	12.66967494
Mar	11	2017	11.95297246
Mar	12	2017	11.90043449
Mar	13	2017	12.64258289
Mar	14	2017	12.42365265
Mar	15	2017	12.54838276
Mar	16	2017	12.47087812
Mar	17	2017	11.93213034
Mar	18	2017	10.7591838
Mar	19	2017	10.20481778
Mar	20	2017	10.6089336
Mar	21	2017	10.60583115
Mar	22	2017	10.60255098
Mar	23	2017	10.65278327
Mar	24	2017	10.34349372
Mar	25	2017	10.41893339
Mar	26	2017	10.75068569
Mar	27	2017	11.61143064
Mar	28	2017	12.68926001
Mar	29	2017	13.07963154
Mar	30	2017	14.70774804
Mar	31	2017	12.78147404
April	1	2017	13.57422565
April	2	2017	13.22652292
April	3	2017	13.37866528
April	4	2017	12.92874814
April	5	2017	23.68249989
April	6	2017	21.54182671
April	7	2017	17.8512831
April	8	2017	15.78629351
April	9	2017	14.55198908
April	10	2017	14.16609478
April	11	2017	13.29428387
April	12	2017	12.72
April	13	2017	12.48
April	14	2017	13.45189381
April	15	2017	12.80397248
April	16	2017	13.4499383
April	17	2017	13.6771493
April	18	2017	14.05572939
April	19	2017	14.1364727
April	20	2017	13.85525858
April	21	2017	12.86530924
April	22	2017	12.60843897
April	23	2017	12.39643669
April	24	2017	12.79753041
April	25	2017	12.97131666
April	26	2017	14.99395323
April	27	2017	14.49206161
April	28	2017	14.71873503
April	29	2017	26.61673141
April	30	2017	43.13397305
May	1	2017	27.08896288
May	2	2017	22.97415677
May	3	2017	23.61408871
May	4	2017	45.87788857
May	5	2017	32.33720787
May	6	2017	25.73464808
May	7	2017	21.52538929
May	8	2017	19.83827448
May	9	2017	18.46799898
May	10	2017	20.27951697
May	11	2017	19.46375513
May	12	2017	17.36195469
May	13	2017	16.00866222
May	14	2017	14.77275372
May	15	2017	14.40502548
May	16	2017	13.84701204
May	17	2017	13.10774446
May	18	2017	15.27269173
May	19	2017	21.13134551
May	20	2017	32.41618721
May	21	2017	20.99603477
May	22	2017	17.91256142
May	23	2017	16.70559692
May	24	2017	17.52861643
May	25	2017	15.69031525
May	26	2017	14.89455366
May	27	2017	13.73796797
May	28	2017	12.79192519
May	29	2017	12.13918495
May	30	2017	13.01166534
May	31	2017	12.51254702
June	1	2017	12.29773593
June	2	2017	11.88668776
June	3	2017	11.47300839
June	4	2017	12.00632334
June	5	2017	11.8655858
June	6	2017	11.74450254
June	7	2017	11.25987816
June	8	2017	11.13441277
June	9	2017	10.84074068
June	10	2017	10.30591488
June	11	2017	10.46504378
June	12	2017	10.94999909
June	13	2017	11.0162518
June	14	2017	12.52921247
June	15	2017	11.88443804
June	16	2017	11.62842989
June	17	2017	11.28506565
June	18	2017	10.8874166
June	19	2017	10.88262463
June	20	2017	10.91514492
June	21	2017	10.92741227
June	22	2017	11.18115258
June	23	2017	10.74676037
June	24	2017	9.805910349
June	25	2017	9.441877842
June	26	2017	10.07354236
June	27	2017	9.859128237
June	28	2017	10.25770044
June	29	2017	11.12272668
June	30	2017	12.29964375
July	1	2017	10.13243508
July	2	2017	9.528033018
July	3	2017	9.589320898
July	4	2017	9.32613039
July	5	2017	9.837872982
July	6	2017	9.856237173
July	7	2017	10.20160413
July	8	2017	9.498614073
July	9	2017	9.673353672
July	10	2017	10.33058763
July	11	2017	12.60687453
July	12	2017	11.03896189
July	13	2017	10.87391829
July	14	2017	10.51431227
July	15	2017	10.08479619
July	16	2017	10.0171051
July	17	2017	10.2757678
July	18	2017	10.52109814
July	19	2017	11.74339151
July	20	2017	10.73527932
July	21	2017	10.27613759
July	22	2017	10.58996868
July	23	2017	10.2066741
July	24	2017	10.19543004
July	25	2017	10.19757366
July	26	2017	10.89491687
July	27	2017	10.90105917
July	28	2017	10.30403805
July	29	2017	9.389261007
July	30	2017	9.1559937
July	31	2017	9.470790386
Aug	1	2017	9.902401447
Aug	2	2017	9.63737011
Aug	3	2017	9.933818102
Aug	4	2017	9.453733444
Aug	5	2017	8.918569326
Aug	6	2017	9.160902739
Aug	7	2017	9.243153572
Aug	8	2017	9.38
Aug	9	2017	8.93
Aug	10	2017	9.446305513
Aug	11	2017	9.159525633
Aug	12	2017	8.600729704
Aug	13	2017	8.686323166
Aug	14	2017	9.058582306
Aug	15	2017	9.376622915
Aug	16	2017	9.491983652
Aug	17	2017	9.904876947
Aug	18	2017	9.420630932
Aug	19	2017	9.118268251
Aug	20	2017	9.730864048
Aug	21	2017	10.48507024
Aug	22	2017	10.73620152
Aug	23	2017	10.09885311
Aug	24	2017	10.66281533
Aug	25	2017	10.74421906
Aug	26	2017	10.50875092
Aug	27	2017	10.57335258
Aug	28	2017	13.03517181
Aug	29	2017	11.22298598
Aug	30	2017	11.72946072
Aug	31	2017	10.68
Sept	1	2017	9.61579442
Sept	2	2017	10.009269
Sept	3	2017	9.996883631
Sept	4	2017	10.79783297
Sept	5	2017	10.80876064
Sept	6	2017	10.69847393
Sept	7	2017	10.53870463
Sept	8	2017	10.57298613
Sept	9	2017	10.43854094
Sept	10	2017	10.2227664
Sept	11	2017	10.60370302
Sept	12	2017	10.79706788
Sept	13	2017	11.15089679
Sept	14	2017	10.8308773
Sept	15	2017	10.49061608
Sept	16	2017	10.15663958
Sept	17	2017	10.41162014
Sept	18	2017	12.98353004
Sept	19	2017	11.72082853
Sept	20	2017	11.35647178
Sept	21	2017	11.31314421
Sept	22	2017	11.18
Sept	23	2017	11.10453463
Sept	24	2017	10.901016
Sept	25	2017	11.17022014
Sept	26	2017	11.63195992
Sept	27	2017	11.38392448
Sept	28	2017	11.29541349
Sept	29	2017	10.8225491
Sept	30	2017	10.30027771
Oct	1	2017	10.18468356
Oct	2	2017	10.55045247
Oct	3	2017	11.02522779
Oct	4	2017	11.41783929
Oct	5	2017	12.42514386
Oct	6	2017	14.27142223
Oct	7	2017	12.00684309
Oct	8	2017	11.11946037
Oct	9	2017	11.78448987
Oct	10	2017	18.81295121
Oct	11	2017	15.22272195
Oct	12	2017	12.86839815
Oct	13	2017	12.31418502
Oct	14	2017	11.83475386
Oct	15	2017	11.88992834
Oct	16	2017	11.34711337
Oct	17	2017	11.5906167
Oct	18	2017	11.44134688
Oct	19	2017	11.45796572
Oct	20	2017	10.99563527
Oct	21	2017	10.71217084
Oct	22	2017	14.70614767
Oct	23	2017	17.09148312
Oct	24	2017	13.86383295
Oct	25	2017	13.00172091
Oct	26	2017	12.42230177
Oct	27	2017	12.01025796
Oct	28	2017	11.77027559
Oct	29	2017	11.47558808
Oct	30	2017	11.7706871
Oct	31	2017	10.88749623
Nov	1	2017	11.60266924
Nov	2	2017	11.5862906
Nov	3	2017	11.54173279
Nov	4	2017	11.29240918
Nov	5	2017	16.01765948
Nov	6	2017	13.34970284
Nov	7	2017	12.53987793
Nov	8	2017	11.9779191
Nov	9	2017	11.84487286
Nov	10	2017	11.64518142
Nov	11	2017	11.33268393
Nov	12	2017	11.13733435
Nov	13	2017	11.4855144
Nov	14	2017	11.56122043
Nov	15	2017	14.11329651
Nov	16	2017	12.24897432
Nov	17	2017	11.77012438
Nov	18	2017	23.05856976
Nov	19	2017	14.78332462
Nov	20	2017	13.07361286
Nov	21	2017	11.82656837
Nov	22	2017	11.17663884
Nov	23	2017	9.841708183
Nov	24	2017	10.07639861
Nov	25	2017	9.919868708
Nov	26	2017	10.60776186
Nov	27	2017	11.7729623
Nov	28	2017	11.80024648
Nov	29	2017	11.97549677
Nov	30	2017	12.04082632
Dec	1	2017	11.94385709
Dec	2	2017	11.69465048
Dec	3	2017	11.52065159
Dec	4	2017	11.79285431
Dec	5	2017	11.6019299
Dec	6	2017	11.47816324
Dec	7	2017	11.61934233
Dec	8	2017	11.51117206
Dec	9	2017	11.17607021
Dec	10	2017	10.80126929
Dec	11	2017	11.07925248
Dec	12	2017	11.18144059
Dec	13	2017	11.25731778
Dec	14	2017	11.18957305
Dec	15	2017	10.96497297
Dec	16	2017	10.58098435
Dec	17	2017	10.68258405
Dec	18	2017	10.79497623
Dec	19	2017	10.89678311
Dec	20	2017	10.75846744
Dec	21	2017	10.4056561
Dec	22	2017	9.707345247
Dec	23	2017	8.947381735
Dec	24	2017	8.267660379
Dec	25	2017	7.914408684
Dec	26	2017	8.428751945
Dec	27	2017	8.423488379
Dec	28	2017	8.448873281
Dec	29	2017	8.308386564
Dec	30	2017	8.295055866
Dec	31	2017	8.31717968
January	1	2018	8.261565447
January	2	2018	9.129494429
January	3	2018	9.216771364
January	4	2018	9.047908306
January	5	2018	9.056305408
January	6	2018	8.660328865
January	7	2018	8.905013323
January	8	2018	9.919816732
January	9	2018	9.831478119
January	10	2018	10.94281729
January	11	2018	12.17542219
January	12	2018	10.71786525
January	13	2018	10.18085289
January	14	2018	10.37039209
January	15	2018	10.96430038
January	16	2018	10.36626506
January	17	2018	10.07373738
January	18	2018	9.740165163
January	19	2018	10.23697644
January	20	2018	11.34924054
January	21	2018	12.15687329
January	22	2018	13.01216698
January	23	2018	12.4554317
January	24	2018	12.78428364
January	25	2018	13.04144954
January	26	2018	12.60800171
January	27	2018	11.59123206
January	28	2018	11.52860379
January	29	2018	11.71309566
January	30	2018	11.74705771
January	31	2018	11.72404053
February	1	2018	11.45413709
February	2	2018	11.42577958
February	3	2018	11.29869151
February	4	2018	10.78290439
February	5	2018	11.17420244
February	6	2018	11.0867672
February	7	2018	11.28046727
February	8	2018	11.31233664
February	9	2018	11.39114462
February	10	2018	10.76702571
February	11	2018	10.96178293
February	12	2018	11.09063229
February	13	2018	11.19858845
February	14	2018	11.29238522
February	15	2018	11.75936627
February	16	2018	11.28707647
February	17	2018	10.98665857
February	18	2018	11.05753684
February	19	2018	30.6977439
February	20	2018	47.18826939
February	21	2018	50.12082634
February	22	2018	39.68443619
February	23	2018	28.56607987
February	24	2018	27.03711843
February	25	2018	23.25223541
February	26	2018	20.90634003
February	27	2018	19.57473151
February	28	2018	18.87856579
March	1	2018	22.20612705
March	2	2018	19.44950294
March	3	2018	17.94956743
March	4	2018	16.79447988
March	5	2018	17.3511343
March	6	2018	16.70567751
March	7	2018	15.7830286
March	8	2018	15.38594246
March	9	2018	15.09408406
March	10	2018	13.66247636
March	11	2018	13.74283433
March	12	2018	13.68805205
March	13	2018	13.78226376
March	14	2018	13.60440993
March	15	2018	13.3464129
March	16	2018	13.22465542
March	17	2018	12.21568084
March	18	2018	11.42450857
March	19	2018	11.45202351
March	20	2018	11.27536321
March	21	2018	11.35259992
March	22	2018	10.95754076
March	23	2018	10.98690063
March	24	2018	15.00274449
March	25	2018	16.72651192
March	26	2018	24.63574719
March	27	2018	31.82263277
March	28	2018	26.23275275
March	29	2018	24.36288929
March	30	2018	20.80044174
March	31	2018	25.10818863
April	1	2018	11.61840153
April	2	2018	20.29529406
April	3	2018	26.69419479
April	4	2018	23.51269534
April	5	2018	20.96083736
April	6	2018	19.11183787
April	7	2018	17.4989481
April	8	2018	16.5496335
April	9	2018	16.57778406
April	10	2018	15.76823163
April	11	2018	14.21151802
April	12	2018	16.40944672
April	13	2018	18.04338694
April	14	2018	21.89379787
April	15	2018	21.25098705
April	16	2018	19.29489851
April	17	2018	18.46283197
April	18	2018	17.75359154
April	19	2018	14.87302228
April	20	2018	16.35163498
April	21	2018	15.50843209
April	22	2018	15.39261532
April	23	2018	15.95844793
April	24	2018	15.4194494
April	25	2018	15.14778662
April	26	2018	14.91913414
April	27	2018	14.63560963
April	28	2018	14.06940126
April	29	2018	13.96787447
April	30	2018	14.3486948
May	1	2018	14.20380974
May	2	2018	14.72554922
May	3	2018	16.40943766
May	4	2018	14.97639084
May	5	2018	14.52698517
May	6	2018	13.92439604
May	7	2018	13.84011403
May	8	2018	13.93378592
May	9	2018	18.70214391
May	10	2018	17.11350489
May	11	2018	15.52719164
May	12	2018	14.5127074
May	13	2018	14.04159021
May	14	2018	13.50503969
May	15	2018	13.30879784
May	16	2018	12.95774531
May	17	2018	12.56120992
May	18	2018	12.72178054
May	19	2018	11.95050573
May	20	2018	11.64675331
May	21	2018	12.35199451
May	22	2018	11.63869452
May	23	2018	11.92768192
May	24	2018	11.63541031
May	25	2018	12.72395086
May	26	2018	11.8128233
May	27	2018	11.00175047
May	28	2018	11.01762629
May	29	2018	11.87321758
May	30	2018	13.65299702
May	31	2018	14.19064856
June	1	2018	12.90638971
June	2	2018	12.45487666
June	3	2018	11.4723556
June	4	2018	11.26382375
June	5	2018	11.25326943
June	6	2018	11.15916538
June	7	2018	11.37663865
June	8	2018	12.23897473
June	9	2018	15.01838837
June	10	2018	32.10193527
June	11	2018	28.24914074
June	12	2018	34.94414703
June	13	2018	24.36071404
June	14	2018	18.83278847
June	15	2018	16.68472481
June	16	2018	15.10816479
June	17	2018	14.07939768
June	18	2018	13.92654419
June	19	2018	15.30948635
June	20	2018	14.51686096
June	21	2018	27.43830752
June	22	2018	27.81279039
June	23	2018	21.81274402
June	24	2018	17.53168058
June	25	2018	16.26728535
June	26	2018	18.1496253
June	27	2018	15.89306545
June	28	2018	15.09094048
June	29	2018	14.77187204
June	30	2018	13.49547601
July	1	2018	14.73447371
July	2	2018	13.74807072
July	3	2018	13.2380352
July	4	2018	12.61253262
July	5	2018	14.89649391
July	6	2018	13.23117447
July	7	2018	11.87237716
July	8	2018	11.68657398
July	9	2018	12.30222511
July	10	2018	12.54697728
July	11	2018	11.54046249
July	12	2018	11.52889013
July	13	2018	10.95811653
July	14	2018	16.5549826
July	15	2018	12.40489244
July	16	2018	11.10867482
July	17	2018	10.52180171
July	18	2018	10.13953042
July	19	2018	10.22695351
July	20	2018	10.11691189
July	21	2018	9.651985168
July	22	2018	9.820430756
July	23	2018	9.868810415
July	24	2018	10.11564398
July	25	2018	9.764359474
July	26	2018	9.621192694
July	27	2018	9.434099197
July	28	2018	8.923533678
July	29	2018	10.66126704
July	30	2018	11.38379669
July	31	2018	10.17233872
August	1	2018	9.781384706
August	2	2018	9.685687304
August	3	2018	9.514493227
August	4	2018	8.95018363
August	5	2018	8.968876004
August	6	2018	9.556812048
August	7	2018	9.616462946
August	8	2018	10.52267647
August	9	2018	10.30584717
August	10	2018	9.984118462
August	11	2018	9.686378717
August	12	2018	9.578042984
August	13	2018	9.866463661
August	14	2018	10.0857296
August	15	2018	13.63150707
August	16	2018	15.77597529
August	17	2018	15.60860544
August	18	2018	12.60939574
August	19	2018	11.98516273
August	20	2018	22.43239319
August	21	2018	18.0016818
August	22	2018	14.74750948
August	23	2018	11.58575523
August	24	2018	12.08214808
August	25	2018	11.49275637
August	26	2018	11.23283792
August	27	2018	11.30461526
August	28	2018	11.06340456
August	29	2018	11.1442256
August	30	2018	10.63451862
August	31	2018	10.5924542